[
  {
    "id": 4,
    "name": "李四",
    "avatar": "/upload/icon-01.png",
    "bio": "Hello heima!",
    "created": "2018-12-20T13:56:24.209Z"
  },
  {
    "id": 9,
    "name": "张三",
    "avatar": "/upload/icon-01.png",
    "bio": "Hello heima!",
    "created": "2018-12-20T13:56:26.242Z"
  },
  {
    "id": 10,
    "name": "王五",
    "avatar": "/upload/icon-05.png",
    "bio": "我是王五~",
    "created": "2018-12-21T04:42:20.157Z"
  },
  {
    "id": 11,
    "name": "王五",
    "avatar": "/upload/icon-09.png",
    "bio": "我是王五~",
    "created": "2018-12-21T04:42:57.075Z"
  },
  {
    "id": 12,
    "name": "heihei",
    "avatar": "/upload/icon-03.png",
    "bio": "Hello heima!",
    "created": "2018-12-21T10:30:43.370Z"
  },
  {
    "id": 13,
    "name": "zhangsna",
    "avatar": "/upload/icon-04.png",
    "bio": "报告班长",
    "created": "2018-12-21T10:39:24.602Z"
  },
  {
    "id": 14,
    "name": "匡东东",
    "avatar": "/upload/icon-07.png",
    "bio": "报告班长，新加会员完成了",
    "created": "2018-12-21T10:40:37.237Z"
  },
  {
    "id": 15,
    "name": "东东枪",
    "avatar": "/upload/icon-47.png",
    "bio": "气的隆冬强",
    "created": "2018-12-21T10:42:53.621Z"
  },
  {
    "id": 21,
    "name": "123",
    "avatar": "/upload/902659095367425340.jpg",
    "bio": "abc",
    "created": "2019-01-10T06:46:45.417Z"
  }
]